{"cameraMode":{"drawMode":0,"name":"Shaded","section":"Shading Mode"},"sceneLighting":false,"audioPlay":false,"sceneViewState":{"showFog":true,"showMaterialUpdate":true,"showSkybox":false,"showFlares":true,"showImageEffects":true,"showParticleSystems":true},"in2DMode":false,"pivot":{"x":-47.75328826904297,"y":5.0228095054626469,"z":13.945219993591309},"rotation":{"x":0.1375572681427002,"y":0.5523143410682678,"z":-0.09302816540002823,"w":0.8170886635780335},"size":3.7011172771453859,"orthographic":false}