{"cameraMode":{"drawMode":0,"name":"Shaded","section":"Shading Mode"},"sceneLighting":false,"audioPlay":false,"sceneViewState":{"showFog":true,"showMaterialUpdate":true,"showSkybox":true,"showFlares":true,"showImageEffects":true,"showParticleSystems":true},"in2DMode":false,"pivot":{"x":-58.00926208496094,"y":3.699950933456421,"z":-3.9074251651763918},"rotation":{"x":0.052694760262966159,"y":0.9028629660606384,"z":-0.1160789430141449,"w":0.41089385747909548},"size":3.7011172771453859,"orthographic":false}