{"cameraMode":{"drawMode":0,"name":"Shaded","section":"Shading Mode"},"sceneLighting":false,"audioPlay":false,"sceneViewState":{"showFog":true,"showMaterialUpdate":true,"showSkybox":false,"showFlares":true,"showImageEffects":true,"showParticleSystems":true},"in2DMode":false,"pivot":{"x":-46.44551467895508,"y":4.844064235687256,"z":12.427022933959961},"rotation":{"x":0.25715023279190066,"y":0.6966152787208557,"z":-0.2990071773529053,"w":0.5996223092079163},"size":3.7011172771453859,"orthographic":false}