{"cameraMode":{"drawMode":0,"name":"Shaded","section":"Shading Mode"},"sceneLighting":false,"audioPlay":false,"sceneViewState":{"showFog":true,"showMaterialUpdate":true,"showSkybox":true,"showFlares":true,"showImageEffects":true,"showParticleSystems":true},"in2DMode":false,"pivot":{"x":117.87355041503906,"y":71.27246856689453,"z":-44.77745056152344},"rotation":{"x":-0.12212661653757096,"y":0.7693644165992737,"z":-0.15464185178279878,"w":-0.6079586148262024},"size":3.3424477577209474,"orthographic":false}